dataset,left_side,right_side,min,max,median,stddev
malaria,0.0,1.0,0.097832947,0.523551745,0.278430311,0.263981838
malaria,1.0,0.0,0.131731222,0.592484535,0.203211235,0.19175223